Afstemningsområde;Parti (Bogstav);Parti (Navn);Total Stemmer
1. 1. Østerbro;;Det Demokratiske Parti;0
1. 1. Østerbro;A;Socialdemokratiet;1321
1. 1. Østerbro;B;Radikale Venstre;1112
1. 1. Østerbro;C;Det Konservative Folkeparti;1612
1. 1. Østerbro;D;Nye Borgerlige;145
1. 1. Østerbro;E;Christiania-Listen;2
1. 1. Østerbro;F;SF - Socialistisk Folkeparti;851
1. 1. Østerbro;G;Veganerpartiet;42
1. 1. Østerbro;H;Grøn Omstilling;8
1. 1. Østerbro;I;Liberal Alliance;280
1. 1. Østerbro;J;Hampepartiet;13
1. 1. Østerbro;K;Kristendemokraterne;32
1. 1. Østerbro;L;Københavnerlisten;31
1. 1. Østerbro;M;Danmark for Alle;18
1. 1. Østerbro;N;Kommunisterne;7
1. 1. Østerbro;O;Dansk Folkeparti;117
1. 1. Østerbro;P;Copenhagen;2
1. 1. Østerbro;Q;Feministisk Initiativ;10
1. 1. Østerbro;R;Kommunistisk Parti;16
1. 1. Østerbro;T;Frihedslisten;24
1. 1. Østerbro;U;Klimapartiet Momentum;68
1. 1. Østerbro;V;Venstre, Danmarks Liberale Parti;731
1. 1. Østerbro;Y;Kærlighedspartiet (Regnbuefolket /;12
1. 1. Østerbro;Z;Rolig Revolution;11
1. 1. Østerbro;Å;Alternativet;217
1. 1. Østerbro;Æ;Bæredygtigt samfund;11
1. 1. Østerbro;Ø;Enhedslisten - De Rød-Grønne;1532
10. 2. Vest;;Det Demokratiske Parti;0
10. 2. Vest;A;Socialdemokratiet;1165
10. 2. Vest;B;Radikale Venstre;958
10. 2. Vest;C;Det Konservative Folkeparti;1368
10. 2. Vest;D;Nye Borgerlige;193
10. 2. Vest;E;Christiania-Listen;4
10. 2. Vest;F;SF - Socialistisk Folkeparti;784
10. 2. Vest;G;Veganerpartiet;34
10. 2. Vest;H;Grøn Omstilling;9
10. 2. Vest;I;Liberal Alliance;281
10. 2. Vest;J;Hampepartiet;9
10. 2. Vest;K;Kristendemokraterne;19
10. 2. Vest;L;Københavnerlisten;86
10. 2. Vest;M;Danmark for Alle;21
10. 2. Vest;N;Kommunisterne;14
10. 2. Vest;O;Dansk Folkeparti;106
10. 2. Vest;P;Copenhagen;2
10. 2. Vest;Q;Feministisk Initiativ;7
10. 2. Vest;R;Kommunistisk Parti;23
10. 2. Vest;T;Frihedslisten;29
10. 2. Vest;U;Klimapartiet Momentum;62
10. 2. Vest;V;Venstre, Danmarks Liberale Parti;983
10. 2. Vest;Y;Kærlighedspartiet (Regnbuefolket /;12
10. 2. Vest;Z;Rolig Revolution;10
10. 2. Vest;Å;Alternativet;258
10. 2. Vest;Æ;Bæredygtigt samfund;3
10. 2. Vest;Ø;Enhedslisten - De Rød-Grønne;1790
11. 3. Indre By;;Det Demokratiske Parti;3
11. 3. Indre By;A;Socialdemokratiet;1110
11. 3. Indre By;B;Radikale Venstre;1255
11. 3. Indre By;C;Det Konservative Folkeparti;1780
11. 3. Indre By;D;Nye Borgerlige;185
11. 3. Indre By;E;Christiania-Listen;13
11. 3. Indre By;F;SF - Socialistisk Folkeparti;812
11. 3. Indre By;G;Veganerpartiet;63
11. 3. Indre By;H;Grøn Omstilling;6
11. 3. Indre By;I;Liberal Alliance;386
11. 3. Indre By;J;Hampepartiet;8
11. 3. Indre By;K;Kristendemokraterne;22
11. 3. Indre By;L;Københavnerlisten;104
11. 3. Indre By;M;Danmark for Alle;35
11. 3. Indre By;N;Kommunisterne;8
11. 3. Indre By;O;Dansk Folkeparti;84
11. 3. Indre By;P;Copenhagen;3
11. 3. Indre By;Q;Feministisk Initiativ;14
11. 3. Indre By;R;Kommunistisk Parti;28
11. 3. Indre By;T;Frihedslisten;27
11. 3. Indre By;U;Klimapartiet Momentum;88
11. 3. Indre By;V;Venstre, Danmarks Liberale Parti;787
11. 3. Indre By;Y;Kærlighedspartiet (Regnbuefolket /;14
11. 3. Indre By;Z;Rolig Revolution;10
11. 3. Indre By;Å;Alternativet;276
11. 3. Indre By;Æ;Bæredygtigt samfund;13
11. 3. Indre By;Ø;Enhedslisten - De Rød-Grønne;2212
12. 3. Nord;;Det Demokratiske Parti;1
12. 3. Nord;A;Socialdemokratiet;675
12. 3. Nord;B;Radikale Venstre;698
12. 3. Nord;C;Det Konservative Folkeparti;1184
12. 3. Nord;D;Nye Borgerlige;80
12. 3. Nord;E;Christiania-Listen;2
12. 3. Nord;F;SF - Socialistisk Folkeparti;453
12. 3. Nord;G;Veganerpartiet;30
12. 3. Nord;H;Grøn Omstilling;7
12. 3. Nord;I;Liberal Alliance;178
12. 3. Nord;J;Hampepartiet;6
12. 3. Nord;K;Kristendemokraterne;20
12. 3. Nord;L;Københavnerlisten;25
12. 3. Nord;M;Danmark for Alle;6
12. 3. Nord;N;Kommunisterne;4
12. 3. Nord;O;Dansk Folkeparti;72
12. 3. Nord;P;Copenhagen;2
12. 3. Nord;Q;Feministisk Initiativ;8
12. 3. Nord;R;Kommunistisk Parti;6
12. 3. Nord;T;Frihedslisten;15
12. 3. Nord;U;Klimapartiet Momentum;45
12. 3. Nord;V;Venstre, Danmarks Liberale Parti;518
12. 3. Nord;Y;Kærlighedspartiet (Regnbuefolket /;6
12. 3. Nord;Z;Rolig Revolution;2
12. 3. Nord;Å;Alternativet;120
12. 3. Nord;Æ;Bæredygtigt samfund;4
12. 3. Nord;Ø;Enhedslisten - De Rød-Grønne;999
13. 3. Syd;;Det Demokratiske Parti;0
13. 3. Syd;A;Socialdemokratiet;1115
13. 3. Syd;B;Radikale Venstre;759
13. 3. Syd;C;Det Konservative Folkeparti;855
13. 3. Syd;D;Nye Borgerlige;136
13. 3. Syd;E;Christiania-Listen;54
13. 3. Syd;F;SF - Socialistisk Folkeparti;650
13. 3. Syd;G;Veganerpartiet;52
13. 3. Syd;H;Grøn Omstilling;6
13. 3. Syd;I;Liberal Alliance;181
13. 3. Syd;J;Hampepartiet;35
13. 3. Syd;K;Kristendemokraterne;22
13. 3. Syd;L;Københavnerlisten;62
13. 3. Syd;M;Danmark for Alle;16
13. 3. Syd;N;Kommunisterne;15
13. 3. Syd;O;Dansk Folkeparti;87
13. 3. Syd;P;Copenhagen;2
13. 3. Syd;Q;Feministisk Initiativ;18
13. 3. Syd;R;Kommunistisk Parti;28
13. 3. Syd;T;Frihedslisten;30
13. 3. Syd;U;Klimapartiet Momentum;74
13. 3. Syd;V;Venstre, Danmarks Liberale Parti;464
13. 3. Syd;Y;Kærlighedspartiet (Regnbuefolket /;22
13. 3. Syd;Z;Rolig Revolution;9
13. 3. Syd;Å;Alternativet;331
13. 3. Syd;Æ;Bæredygtigt samfund;11
13. 3. Syd;Ø;Enhedslisten - De Rød-Grønne;2523
14. 3. Øst;;Det Demokratiske Parti;1
14. 3. Øst;A;Socialdemokratiet;1109
14. 3. Øst;B;Radikale Venstre;1039
14. 3. Øst;C;Det Konservative Folkeparti;2018
14. 3. Øst;D;Nye Borgerlige;196
14. 3. Øst;E;Christiania-Listen;9
14. 3. Øst;F;SF - Socialistisk Folkeparti;738
14. 3. Øst;G;Veganerpartiet;40
14. 3. Øst;H;Grøn Omstilling;4
14. 3. Øst;I;Liberal Alliance;417
14. 3. Øst;J;Hampepartiet;6
14. 3. Øst;K;Kristendemokraterne;21
14. 3. Øst;L;Københavnerlisten;73
14. 3. Øst;M;Danmark for Alle;14
14. 3. Øst;N;Kommunisterne;8
14. 3. Øst;O;Dansk Folkeparti;86
14. 3. Øst;P;Copenhagen;0
14. 3. Øst;Q;Feministisk Initiativ;13
14. 3. Øst;R;Kommunistisk Parti;17
14. 3. Øst;T;Frihedslisten;18
14. 3. Øst;U;Klimapartiet Momentum;68
14. 3. Øst;V;Venstre, Danmarks Liberale Parti;965
14. 3. Øst;Y;Kærlighedspartiet (Regnbuefolket /;8
14. 3. Øst;Z;Rolig Revolution;10
14. 3. Øst;Å;Alternativet;193
14. 3. Øst;Æ;Bæredygtigt samfund;5
14. 3. Øst;Ø;Enhedslisten - De Rød-Grønne;1534
16. 4. Sundbyøster;;Det Demokratiske Parti;1
16. 4. Sundbyøster;A;Socialdemokratiet;1251
16. 4. Sundbyøster;B;Radikale Venstre;837
16. 4. Sundbyøster;C;Det Konservative Folkeparti;896
16. 4. Sundbyøster;D;Nye Borgerlige;207
16. 4. Sundbyøster;E;Christiania-Listen;10
16. 4. Sundbyøster;F;SF - Socialistisk Folkeparti;824
16. 4. Sundbyøster;G;Veganerpartiet;59
16. 4. Sundbyøster;H;Grøn Omstilling;8
16. 4. Sundbyøster;I;Liberal Alliance;236
16. 4. Sundbyøster;J;Hampepartiet;13
16. 4. Sundbyøster;K;Kristendemokraterne;21
16. 4. Sundbyøster;L;Københavnerlisten;39
16. 4. Sundbyøster;M;Danmark for Alle;25
16. 4. Sundbyøster;N;Kommunisterne;9
16. 4. Sundbyøster;O;Dansk Folkeparti;210
16. 4. Sundbyøster;P;Copenhagen;0
16. 4. Sundbyøster;Q;Feministisk Initiativ;5
16. 4. Sundbyøster;R;Kommunistisk Parti;22
16. 4. Sundbyøster;T;Frihedslisten;34
16. 4. Sundbyøster;U;Klimapartiet Momentum;54
16. 4. Sundbyøster;V;Venstre, Danmarks Liberale Parti;636
16. 4. Sundbyøster;Y;Kærlighedspartiet (Regnbuefolket /;14
16. 4. Sundbyøster;Z;Rolig Revolution;16
16. 4. Sundbyøster;Å;Alternativet;219
16. 4. Sundbyøster;Æ;Bæredygtigt samfund;13
16. 4. Sundbyøster;Ø;Enhedslisten - De Rød-Grønne;1654
17. 4. Nord;;Det Demokratiske Parti;1
17. 4. Nord;A;Socialdemokratiet;1576
17. 4. Nord;B;Radikale Venstre;1041
17. 4. Nord;C;Det Konservative Folkeparti;988
17. 4. Nord;D;Nye Borgerlige;195
17. 4. Nord;E;Christiania-Listen;12
17. 4. Nord;F;SF - Socialistisk Folkeparti;1072
17. 4. Nord;G;Veganerpartiet;64
17. 4. Nord;H;Grøn Omstilling;12
17. 4. Nord;I;Liberal Alliance;262
17. 4. Nord;J;Hampepartiet;18
17. 4. Nord;K;Kristendemokraterne;39
17. 4. Nord;L;Københavnerlisten;42
17. 4. Nord;M;Danmark for Alle;46
17. 4. Nord;N;Kommunisterne;18
17. 4. Nord;O;Dansk Folkeparti;250
17. 4. Nord;P;Copenhagen;2
17. 4. Nord;Q;Feministisk Initiativ;10
17. 4. Nord;R;Kommunistisk Parti;40
17. 4. Nord;T;Frihedslisten;58
17. 4. Nord;U;Klimapartiet Momentum;100
17. 4. Nord;V;Venstre, Danmarks Liberale Parti;609
17. 4. Nord;Y;Kærlighedspartiet (Regnbuefolket /;21
17. 4. Nord;Z;Rolig Revolution;15
17. 4. Nord;Å;Alternativet;328
17. 4. Nord;Æ;Bæredygtigt samfund;12
17. 4. Nord;Ø;Enhedslisten - De Rød-Grønne;2425
18. 4. Syd;;Det Demokratiske Parti;0
18. 4. Syd;A;Socialdemokratiet;1126
18. 4. Syd;B;Radikale Venstre;503
18. 4. Syd;C;Det Konservative Folkeparti;648
18. 4. Syd;D;Nye Borgerlige;146
18. 4. Syd;E;Christiania-Listen;4
18. 4. Syd;F;SF - Socialistisk Folkeparti;657
18. 4. Syd;G;Veganerpartiet;22
18. 4. Syd;H;Grøn Omstilling;5
18. 4. Syd;I;Liberal Alliance;113
18. 4. Syd;J;Hampepartiet;16
18. 4. Syd;K;Kristendemokraterne;29
18. 4. Syd;L;Københavnerlisten;32
18. 4. Syd;M;Danmark for Alle;16
18. 4. Syd;N;Kommunisterne;5
18. 4. Syd;O;Dansk Folkeparti;175
18. 4. Syd;P;Copenhagen;0
18. 4. Syd;Q;Feministisk Initiativ;10
18. 4. Syd;R;Kommunistisk Parti;18
18. 4. Syd;T;Frihedslisten;28
18. 4. Syd;U;Klimapartiet Momentum;41
18. 4. Syd;V;Venstre, Danmarks Liberale Parti;395
18. 4. Syd;Y;Kærlighedspartiet (Regnbuefolket /;7
18. 4. Syd;Z;Rolig Revolution;8
18. 4. Syd;Å;Alternativet;152
18. 4. Syd;Æ;Bæredygtigt samfund;8
18. 4. Syd;Ø;Enhedslisten - De Rød-Grønne;1267
19. 4. Øst;;Det Demokratiske Parti;1
19. 4. Øst;A;Socialdemokratiet;1294
19. 4. Øst;B;Radikale Venstre;719
19. 4. Øst;C;Det Konservative Folkeparti;902
19. 4. Øst;D;Nye Borgerlige;173
19. 4. Øst;E;Christiania-Listen;3
19. 4. Øst;F;SF - Socialistisk Folkeparti;880
19. 4. Øst;G;Veganerpartiet;35
19. 4. Øst;H;Grøn Omstilling;4
19. 4. Øst;I;Liberal Alliance;179
19. 4. Øst;J;Hampepartiet;5
19. 4. Øst;K;Kristendemokraterne;25
19. 4. Øst;L;Københavnerlisten;29
19. 4. Øst;M;Danmark for Alle;17
19. 4. Øst;N;Kommunisterne;2
19. 4. Øst;O;Dansk Folkeparti;163
19. 4. Øst;P;Copenhagen;3
19. 4. Øst;Q;Feministisk Initiativ;4
19. 4. Øst;R;Kommunistisk Parti;14
19. 4. Øst;T;Frihedslisten;19
19. 4. Øst;U;Klimapartiet Momentum;34
19. 4. Øst;V;Venstre, Danmarks Liberale Parti;582
19. 4. Øst;Y;Kærlighedspartiet (Regnbuefolket /;7
19. 4. Øst;Z;Rolig Revolution;6
19. 4. Øst;Å;Alternativet;177
19. 4. Øst;Æ;Bæredygtigt samfund;7
19. 4. Øst;Ø;Enhedslisten - De Rød-Grønne;1238
2. 1. Nord;;Det Demokratiske Parti;0
2. 1. Nord;A;Socialdemokratiet;702
2. 1. Nord;B;Radikale Venstre;535
2. 1. Nord;C;Det Konservative Folkeparti;966
2. 1. Nord;D;Nye Borgerlige;101
2. 1. Nord;E;Christiania-Listen;4
2. 1. Nord;F;SF - Socialistisk Folkeparti;398
2. 1. Nord;G;Veganerpartiet;7
2. 1. Nord;H;Grøn Omstilling;3
2. 1. Nord;I;Liberal Alliance;170
2. 1. Nord;J;Hampepartiet;15
2. 1. Nord;K;Kristendemokraterne;17
2. 1. Nord;L;Københavnerlisten;16
2. 1. Nord;M;Danmark for Alle;13
2. 1. Nord;N;Kommunisterne;6
2. 1. Nord;O;Dansk Folkeparti;87
2. 1. Nord;P;Copenhagen;0
2. 1. Nord;Q;Feministisk Initiativ;2
2. 1. Nord;R;Kommunistisk Parti;13
2. 1. Nord;T;Frihedslisten;20
2. 1. Nord;U;Klimapartiet Momentum;38
2. 1. Nord;V;Venstre, Danmarks Liberale Parti;515
2. 1. Nord;Y;Kærlighedspartiet (Regnbuefolket /;6
2. 1. Nord;Z;Rolig Revolution;2
2. 1. Nord;Å;Alternativet;102
2. 1. Nord;Æ;Bæredygtigt samfund;3
2. 1. Nord;Ø;Enhedslisten - De Rød-Grønne;699
20. 5. Nørrebro;;Det Demokratiske Parti;1
20. 5. Nørrebro;A;Socialdemokratiet;677
20. 5. Nørrebro;B;Radikale Venstre;542
20. 5. Nørrebro;C;Det Konservative Folkeparti;294
20. 5. Nørrebro;D;Nye Borgerlige;44
20. 5. Nørrebro;E;Christiania-Listen;9
20. 5. Nørrebro;F;SF - Socialistisk Folkeparti;604
20. 5. Nørrebro;G;Veganerpartiet;46
20. 5. Nørrebro;H;Grøn Omstilling;2
20. 5. Nørrebro;I;Liberal Alliance;48
20. 5. Nørrebro;J;Hampepartiet;10
20. 5. Nørrebro;K;Kristendemokraterne;27
20. 5. Nørrebro;L;Københavnerlisten;20
20. 5. Nørrebro;M;Danmark for Alle;36
20. 5. Nørrebro;N;Kommunisterne;7
20. 5. Nørrebro;O;Dansk Folkeparti;60
20. 5. Nørrebro;P;Copenhagen;1
20. 5. Nørrebro;Q;Feministisk Initiativ;8
20. 5. Nørrebro;R;Kommunistisk Parti;29
20. 5. Nørrebro;T;Frihedslisten;20
20. 5. Nørrebro;U;Klimapartiet Momentum;56
20. 5. Nørrebro;V;Venstre, Danmarks Liberale Parti;211
20. 5. Nørrebro;Y;Kærlighedspartiet (Regnbuefolket /;4
20. 5. Nørrebro;Z;Rolig Revolution;14
20. 5. Nørrebro;Å;Alternativet;187
20. 5. Nørrebro;Æ;Bæredygtigt samfund;7
20. 5. Nørrebro;Ø;Enhedslisten - De Rød-Grønne;1725
21. 5. Nord;;Det Demokratiske Parti;1
21. 5. Nord;A;Socialdemokratiet;938
21. 5. Nord;B;Radikale Venstre;1099
21. 5. Nord;C;Det Konservative Folkeparti;599
21. 5. Nord;D;Nye Borgerlige;84
21. 5. Nord;E;Christiania-Listen;8
21. 5. Nord;F;SF - Socialistisk Folkeparti;969
21. 5. Nord;G;Veganerpartiet;51
21. 5. Nord;H;Grøn Omstilling;5
21. 5. Nord;I;Liberal Alliance;163
21. 5. Nord;J;Hampepartiet;25
21. 5. Nord;K;Kristendemokraterne;27
21. 5. Nord;L;Københavnerlisten;23
21. 5. Nord;M;Danmark for Alle;76
21. 5. Nord;N;Kommunisterne;8
21. 5. Nord;O;Dansk Folkeparti;77
21. 5. Nord;P;Copenhagen;3
21. 5. Nord;Q;Feministisk Initiativ;21
21. 5. Nord;R;Kommunistisk Parti;38
21. 5. Nord;T;Frihedslisten;23
21. 5. Nord;U;Klimapartiet Momentum;126
21. 5. Nord;V;Venstre, Danmarks Liberale Parti;450
21. 5. Nord;Y;Kærlighedspartiet (Regnbuefolket /;13
21. 5. Nord;Z;Rolig Revolution;14
21. 5. Nord;Å;Alternativet;277
21. 5. Nord;Æ;Bæredygtigt samfund;12
21. 5. Nord;Ø;Enhedslisten - De Rød-Grønne;2397
22. 5. Syd;;Det Demokratiske Parti;0
22. 5. Syd;A;Socialdemokratiet;571
22. 5. Syd;B;Radikale Venstre;583
22. 5. Syd;C;Det Konservative Folkeparti;418
22. 5. Syd;D;Nye Borgerlige;53
22. 5. Syd;E;Christiania-Listen;9
22. 5. Syd;F;SF - Socialistisk Folkeparti;455
22. 5. Syd;G;Veganerpartiet;29
22. 5. Syd;H;Grøn Omstilling;3
22. 5. Syd;I;Liberal Alliance;59
22. 5. Syd;J;Hampepartiet;3
22. 5. Syd;K;Kristendemokraterne;17
22. 5. Syd;L;Københavnerlisten;16
22. 5. Syd;M;Danmark for Alle;33
22. 5. Syd;N;Kommunisterne;10
22. 5. Syd;O;Dansk Folkeparti;62
22. 5. Syd;P;Copenhagen;1
22. 5. Syd;Q;Feministisk Initiativ;8
22. 5. Syd;R;Kommunistisk Parti;36
22. 5. Syd;T;Frihedslisten;15
22. 5. Syd;U;Klimapartiet Momentum;49
22. 5. Syd;V;Venstre, Danmarks Liberale Parti;224
22. 5. Syd;Y;Kærlighedspartiet (Regnbuefolket /;11
22. 5. Syd;Z;Rolig Revolution;7
22. 5. Syd;Å;Alternativet;133
22. 5. Syd;Æ;Bæredygtigt samfund;11
22. 5. Syd;Ø;Enhedslisten - De Rød-Grønne;1688
23. 5. Øst;;Det Demokratiske Parti;0
23. 5. Øst;A;Socialdemokratiet;621
23. 5. Øst;B;Radikale Venstre;754
23. 5. Øst;C;Det Konservative Folkeparti;533
23. 5. Øst;D;Nye Borgerlige;48
23. 5. Øst;E;Christiania-Listen;0
23. 5. Øst;F;SF - Socialistisk Folkeparti;562
23. 5. Øst;G;Veganerpartiet;30
23. 5. Øst;H;Grøn Omstilling;4
23. 5. Øst;I;Liberal Alliance;129
23. 5. Øst;J;Hampepartiet;14
23. 5. Øst;K;Kristendemokraterne;9
23. 5. Øst;L;Københavnerlisten;19
23. 5. Øst;M;Danmark for Alle;21
23. 5. Øst;N;Kommunisterne;5
23. 5. Øst;O;Dansk Folkeparti;35
23. 5. Øst;P;Copenhagen;1
23. 5. Øst;Q;Feministisk Initiativ;10
23. 5. Øst;R;Kommunistisk Parti;30
23. 5. Øst;T;Frihedslisten;17
23. 5. Øst;U;Klimapartiet Momentum;79
23. 5. Øst;V;Venstre, Danmarks Liberale Parti;333
23. 5. Øst;Y;Kærlighedspartiet (Regnbuefolket /;6
23. 5. Øst;Z;Rolig Revolution;8
23. 5. Øst;Å;Alternativet;223
23. 5. Øst;Æ;Bæredygtigt samfund;11
23. 5. Øst;Ø;Enhedslisten - De Rød-Grønne;1669
24. 5. Vest;;Det Demokratiske Parti;1
24. 5. Vest;A;Socialdemokratiet;762
24. 5. Vest;B;Radikale Venstre;601
24. 5. Vest;C;Det Konservative Folkeparti;438
24. 5. Vest;D;Nye Borgerlige;59
24. 5. Vest;E;Christiania-Listen;6
24. 5. Vest;F;SF - Socialistisk Folkeparti;679
24. 5. Vest;G;Veganerpartiet;43
24. 5. Vest;H;Grøn Omstilling;4
24. 5. Vest;I;Liberal Alliance;82
24. 5. Vest;J;Hampepartiet;7
24. 5. Vest;K;Kristendemokraterne;13
24. 5. Vest;L;Københavnerlisten;21
24. 5. Vest;M;Danmark for Alle;33
24. 5. Vest;N;Kommunisterne;7
24. 5. Vest;O;Dansk Folkeparti;66
24. 5. Vest;P;Copenhagen;1
24. 5. Vest;Q;Feministisk Initiativ;7
24. 5. Vest;R;Kommunistisk Parti;28
24. 5. Vest;T;Frihedslisten;12
24. 5. Vest;U;Klimapartiet Momentum;40
24. 5. Vest;V;Venstre, Danmarks Liberale Parti;285
24. 5. Vest;Y;Kærlighedspartiet (Regnbuefolket /;3
24. 5. Vest;Z;Rolig Revolution;6
24. 5. Vest;Å;Alternativet;178
24. 5. Vest;Æ;Bæredygtigt samfund;9
24. 5. Vest;Ø;Enhedslisten - De Rød-Grønne;1788
25. 5. Nordvest;;Det Demokratiske Parti;5
25. 5. Nordvest;A;Socialdemokratiet;761
25. 5. Nordvest;B;Radikale Venstre;1000
25. 5. Nordvest;C;Det Konservative Folkeparti;447
25. 5. Nordvest;D;Nye Borgerlige;68
25. 5. Nordvest;E;Christiania-Listen;8
25. 5. Nordvest;F;SF - Socialistisk Folkeparti;979
25. 5. Nordvest;G;Veganerpartiet;44
25. 5. Nordvest;H;Grøn Omstilling;2
25. 5. Nordvest;I;Liberal Alliance;106
25. 5. Nordvest;J;Hampepartiet;16
25. 5. Nordvest;K;Kristendemokraterne;15
25. 5. Nordvest;L;Københavnerlisten;29
25. 5. Nordvest;M;Danmark for Alle;49
25. 5. Nordvest;N;Kommunisterne;11
25. 5. Nordvest;O;Dansk Folkeparti;62
25. 5. Nordvest;P;Copenhagen;0
25. 5. Nordvest;Q;Feministisk Initiativ;10
25. 5. Nordvest;R;Kommunistisk Parti;53
25. 5. Nordvest;T;Frihedslisten;23
25. 5. Nordvest;U;Klimapartiet Momentum;97
25. 5. Nordvest;V;Venstre, Danmarks Liberale Parti;316
25. 5. Nordvest;Y;Kærlighedspartiet (Regnbuefolket /;8
25. 5. Nordvest;Z;Rolig Revolution;22
25. 5. Nordvest;Å;Alternativet;281
25. 5. Nordvest;Æ;Bæredygtigt samfund;8
25. 5. Nordvest;Ø;Enhedslisten - De Rød-Grønne;2618
27. 6. Bispebjerg;;Det Demokratiske Parti;2
27. 6. Bispebjerg;A;Socialdemokratiet;1018
27. 6. Bispebjerg;B;Radikale Venstre;853
27. 6. Bispebjerg;C;Det Konservative Folkeparti;490
27. 6. Bispebjerg;D;Nye Borgerlige;135
27. 6. Bispebjerg;E;Christiania-Listen;9
27. 6. Bispebjerg;F;SF - Socialistisk Folkeparti;806
27. 6. Bispebjerg;G;Veganerpartiet;56
27. 6. Bispebjerg;H;Grøn Omstilling;6
27. 6. Bispebjerg;I;Liberal Alliance;132
27. 6. Bispebjerg;J;Hampepartiet;15
27. 6. Bispebjerg;K;Kristendemokraterne;29
27. 6. Bispebjerg;L;Københavnerlisten;10
27. 6. Bispebjerg;M;Danmark for Alle;58
27. 6. Bispebjerg;N;Kommunisterne;8
27. 6. Bispebjerg;O;Dansk Folkeparti;143
27. 6. Bispebjerg;P;Copenhagen;4
27. 6. Bispebjerg;Q;Feministisk Initiativ;13
27. 6. Bispebjerg;R;Kommunistisk Parti;48
27. 6. Bispebjerg;T;Frihedslisten;21
27. 6. Bispebjerg;U;Klimapartiet Momentum;86
27. 6. Bispebjerg;V;Venstre, Danmarks Liberale Parti;355
27. 6. Bispebjerg;Y;Kærlighedspartiet (Regnbuefolket /;15
27. 6. Bispebjerg;Z;Rolig Revolution;29
27. 6. Bispebjerg;Å;Alternativet;270
27. 6. Bispebjerg;Æ;Bæredygtigt samfund;13
27. 6. Bispebjerg;Ø;Enhedslisten - De Rød-Grønne;2302
28. 6. Nord;;Det Demokratiske Parti;3
28. 6. Nord;A;Socialdemokratiet;1136
28. 6. Nord;B;Radikale Venstre;442
28. 6. Nord;C;Det Konservative Folkeparti;495
28. 6. Nord;D;Nye Borgerlige;114
28. 6. Nord;E;Christiania-Listen;6
28. 6. Nord;F;SF - Socialistisk Folkeparti;514
28. 6. Nord;G;Veganerpartiet;45
28. 6. Nord;H;Grøn Omstilling;2
28. 6. Nord;I;Liberal Alliance;76
28. 6. Nord;J;Hampepartiet;13
28. 6. Nord;K;Kristendemokraterne;35
28. 6. Nord;L;Københavnerlisten;7
28. 6. Nord;M;Danmark for Alle;29
28. 6. Nord;N;Kommunisterne;7
28. 6. Nord;O;Dansk Folkeparti;139
28. 6. Nord;P;Copenhagen;4
28. 6. Nord;Q;Feministisk Initiativ;8
28. 6. Nord;R;Kommunistisk Parti;22
28. 6. Nord;T;Frihedslisten;23
28. 6. Nord;U;Klimapartiet Momentum;31
28. 6. Nord;V;Venstre, Danmarks Liberale Parti;272
28. 6. Nord;Y;Kærlighedspartiet (Regnbuefolket /;10
28. 6. Nord;Z;Rolig Revolution;12
28. 6. Nord;Å;Alternativet;92
28. 6. Nord;Æ;Bæredygtigt samfund;7
28. 6. Nord;Ø;Enhedslisten - De Rød-Grønne;1136
29. 6. Øst;;Det Demokratiske Parti;2
29. 6. Øst;A;Socialdemokratiet;710
29. 6. Øst;B;Radikale Venstre;246
29. 6. Øst;C;Det Konservative Folkeparti;276
29. 6. Øst;D;Nye Borgerlige;89
29. 6. Øst;E;Christiania-Listen;4
29. 6. Øst;F;SF - Socialistisk Folkeparti;300
29. 6. Øst;G;Veganerpartiet;17
29. 6. Øst;H;Grøn Omstilling;2
29. 6. Øst;I;Liberal Alliance;64
29. 6. Øst;J;Hampepartiet;4
29. 6. Øst;K;Kristendemokraterne;11
29. 6. Øst;L;Københavnerlisten;1
29. 6. Øst;M;Danmark for Alle;22
29. 6. Øst;N;Kommunisterne;5
29. 6. Øst;O;Dansk Folkeparti;84
29. 6. Øst;P;Copenhagen;1
29. 6. Øst;Q;Feministisk Initiativ;4
29. 6. Øst;R;Kommunistisk Parti;8
29. 6. Øst;T;Frihedslisten;20
29. 6. Øst;U;Klimapartiet Momentum;20
29. 6. Øst;V;Venstre, Danmarks Liberale Parti;140
29. 6. Øst;Y;Kærlighedspartiet (Regnbuefolket /;2
29. 6. Øst;Z;Rolig Revolution;1
29. 6. Øst;Å;Alternativet;50
29. 6. Øst;Æ;Bæredygtigt samfund;6
29. 6. Øst;Ø;Enhedslisten - De Rød-Grønne;542
3. 1. Syd;;Det Demokratiske Parti;0
3. 1. Syd;A;Socialdemokratiet;1401
3. 1. Syd;B;Radikale Venstre;1256
3. 1. Syd;C;Det Konservative Folkeparti;1652
3. 1. Syd;D;Nye Borgerlige;146
3. 1. Syd;E;Christiania-Listen;6
3. 1. Syd;F;SF - Socialistisk Folkeparti;967
3. 1. Syd;G;Veganerpartiet;37
3. 1. Syd;H;Grøn Omstilling;5
3. 1. Syd;I;Liberal Alliance;255
3. 1. Syd;J;Hampepartiet;9
3. 1. Syd;K;Kristendemokraterne;33
3. 1. Syd;L;Københavnerlisten;35
3. 1. Syd;M;Danmark for Alle;24
3. 1. Syd;N;Kommunisterne;2
3. 1. Syd;O;Dansk Folkeparti;85
3. 1. Syd;P;Copenhagen;1
3. 1. Syd;Q;Feministisk Initiativ;6
3. 1. Syd;R;Kommunistisk Parti;23
3. 1. Syd;T;Frihedslisten;28
3. 1. Syd;U;Klimapartiet Momentum;115
3. 1. Syd;V;Venstre, Danmarks Liberale Parti;757
3. 1. Syd;Y;Kærlighedspartiet (Regnbuefolket /;9
3. 1. Syd;Z;Rolig Revolution;4
3. 1. Syd;Å;Alternativet;215
3. 1. Syd;Æ;Bæredygtigt samfund;8
3. 1. Syd;Ø;Enhedslisten - De Rød-Grønne;1893
30. 6. Syd;;Det Demokratiske Parti;0
30. 6. Syd;A;Socialdemokratiet;1025
30. 6. Syd;B;Radikale Venstre;788
30. 6. Syd;C;Det Konservative Folkeparti;436
30. 6. Syd;D;Nye Borgerlige;123
30. 6. Syd;E;Christiania-Listen;5
30. 6. Syd;F;SF - Socialistisk Folkeparti;725
30. 6. Syd;G;Veganerpartiet;42
30. 6. Syd;H;Grøn Omstilling;6
30. 6. Syd;I;Liberal Alliance;135
30. 6. Syd;J;Hampepartiet;22
30. 6. Syd;K;Kristendemokraterne;27
30. 6. Syd;L;Københavnerlisten;11
30. 6. Syd;M;Danmark for Alle;37
30. 6. Syd;N;Kommunisterne;12
30. 6. Syd;O;Dansk Folkeparti;111
30. 6. Syd;P;Copenhagen;2
30. 6. Syd;Q;Feministisk Initiativ;15
30. 6. Syd;R;Kommunistisk Parti;49
30. 6. Syd;T;Frihedslisten;38
30. 6. Syd;U;Klimapartiet Momentum;71
30. 6. Syd;V;Venstre, Danmarks Liberale Parti;331
30. 6. Syd;Y;Kærlighedspartiet (Regnbuefolket /;8
30. 6. Syd;Z;Rolig Revolution;15
30. 6. Syd;Å;Alternativet;233
30. 6. Syd;Æ;Bæredygtigt samfund;8
30. 6. Syd;Ø;Enhedslisten - De Rød-Grønne;2140
31. 7. Brønshøj;;Det Demokratiske Parti;0
31. 7. Brønshøj;A;Socialdemokratiet;720
31. 7. Brønshøj;B;Radikale Venstre;263
31. 7. Brønshøj;C;Det Konservative Folkeparti;460
31. 7. Brønshøj;D;Nye Borgerlige;65
31. 7. Brønshøj;E;Christiania-Listen;0
31. 7. Brønshøj;F;SF - Socialistisk Folkeparti;336
31. 7. Brønshøj;G;Veganerpartiet;20
31. 7. Brønshøj;H;Grøn Omstilling;1
31. 7. Brønshøj;I;Liberal Alliance;60
31. 7. Brønshøj;J;Hampepartiet;8
31. 7. Brønshøj;K;Kristendemokraterne;10
31. 7. Brønshøj;L;Københavnerlisten;5
31. 7. Brønshøj;M;Danmark for Alle;7
31. 7. Brønshøj;N;Kommunisterne;2
31. 7. Brønshøj;O;Dansk Folkeparti;75
31. 7. Brønshøj;P;Copenhagen;1
31. 7. Brønshøj;Q;Feministisk Initiativ;2
31. 7. Brønshøj;R;Kommunistisk Parti;9
31. 7. Brønshøj;T;Frihedslisten;7
31. 7. Brønshøj;U;Klimapartiet Momentum;25
31. 7. Brønshøj;V;Venstre, Danmarks Liberale Parti;151
31. 7. Brønshøj;Y;Kærlighedspartiet (Regnbuefolket /;4
31. 7. Brønshøj;Z;Rolig Revolution;3
31. 7. Brønshøj;Å;Alternativet;54
31. 7. Brønshøj;Æ;Bæredygtigt samfund;2
31. 7. Brønshøj;Ø;Enhedslisten - De Rød-Grønne;556
32. 7. Nord;;Det Demokratiske Parti;1
32. 7. Nord;A;Socialdemokratiet;343
32. 7. Nord;B;Radikale Venstre;175
32. 7. Nord;C;Det Konservative Folkeparti;76
32. 7. Nord;D;Nye Borgerlige;24
32. 7. Nord;E;Christiania-Listen;2
32. 7. Nord;F;SF - Socialistisk Folkeparti;156
32. 7. Nord;G;Veganerpartiet;5
32. 7. Nord;H;Grøn Omstilling;1
32. 7. Nord;I;Liberal Alliance;10
32. 7. Nord;J;Hampepartiet;2
32. 7. Nord;K;Kristendemokraterne;8
32. 7. Nord;L;Københavnerlisten;2
32. 7. Nord;M;Danmark for Alle;35
32. 7. Nord;N;Kommunisterne;1
32. 7. Nord;O;Dansk Folkeparti;44
32. 7. Nord;P;Copenhagen;2
32. 7. Nord;Q;Feministisk Initiativ;0
32. 7. Nord;R;Kommunistisk Parti;3
32. 7. Nord;T;Frihedslisten;6
32. 7. Nord;U;Klimapartiet Momentum;11
32. 7. Nord;V;Venstre, Danmarks Liberale Parti;28
32. 7. Nord;Y;Kærlighedspartiet (Regnbuefolket /;1
32. 7. Nord;Z;Rolig Revolution;0
32. 7. Nord;Å;Alternativet;20
32. 7. Nord;Æ;Bæredygtigt samfund;2
32. 7. Nord;Ø;Enhedslisten - De Rød-Grønne;481
33. 7. Rødkilde;;Det Demokratiske Parti;2
33. 7. Rødkilde;A;Socialdemokratiet;1073
33. 7. Rødkilde;B;Radikale Venstre;592
33. 7. Rødkilde;C;Det Konservative Folkeparti;666
33. 7. Rødkilde;D;Nye Borgerlige;141
33. 7. Rødkilde;E;Christiania-Listen;2
33. 7. Rødkilde;F;SF - Socialistisk Folkeparti;608
33. 7. Rødkilde;G;Veganerpartiet;31
33. 7. Rødkilde;H;Grøn Omstilling;1
33. 7. Rødkilde;I;Liberal Alliance;123
33. 7. Rødkilde;J;Hampepartiet;9
33. 7. Rødkilde;K;Kristendemokraterne;31
33. 7. Rødkilde;L;Københavnerlisten;6
33. 7. Rødkilde;M;Danmark for Alle;15
33. 7. Rødkilde;N;Kommunisterne;6
33. 7. Rødkilde;O;Dansk Folkeparti;129
33. 7. Rødkilde;P;Copenhagen;1
33. 7. Rødkilde;Q;Feministisk Initiativ;9
33. 7. Rødkilde;R;Kommunistisk Parti;11
33. 7. Rødkilde;T;Frihedslisten;18
33. 7. Rødkilde;U;Klimapartiet Momentum;53
33. 7. Rødkilde;V;Venstre, Danmarks Liberale Parti;369
33. 7. Rødkilde;Y;Kærlighedspartiet (Regnbuefolket /;8
33. 7. Rødkilde;Z;Rolig Revolution;7
33. 7. Rødkilde;Å;Alternativet;123
33. 7. Rødkilde;Æ;Bæredygtigt samfund;4
33. 7. Rødkilde;Ø;Enhedslisten - De Rød-Grønne;1057
34. 7. Øst;;Det Demokratiske Parti;2
34. 7. Øst;A;Socialdemokratiet;1457
34. 7. Øst;B;Radikale Venstre;529
34. 7. Øst;C;Det Konservative Folkeparti;650
34. 7. Øst;D;Nye Borgerlige;108
34. 7. Øst;E;Christiania-Listen;4
34. 7. Øst;F;SF - Socialistisk Folkeparti;699
34. 7. Øst;G;Veganerpartiet;31
34. 7. Øst;H;Grøn Omstilling;1
34. 7. Øst;I;Liberal Alliance;80
34. 7. Øst;J;Hampepartiet;12
34. 7. Øst;K;Kristendemokraterne;20
34. 7. Øst;L;Københavnerlisten;10
34. 7. Øst;M;Danmark for Alle;28
34. 7. Øst;N;Kommunisterne;9
34. 7. Øst;O;Dansk Folkeparti;148
34. 7. Øst;P;Copenhagen;1
34. 7. Øst;Q;Feministisk Initiativ;2
34. 7. Øst;R;Kommunistisk Parti;16
34. 7. Øst;T;Frihedslisten;14
34. 7. Øst;U;Klimapartiet Momentum;48
34. 7. Øst;V;Venstre, Danmarks Liberale Parti;251
34. 7. Øst;Y;Kærlighedspartiet (Regnbuefolket /;5
34. 7. Øst;Z;Rolig Revolution;7
34. 7. Øst;Å;Alternativet;109
34. 7. Øst;Æ;Bæredygtigt samfund;5
34. 7. Øst;Ø;Enhedslisten - De Rød-Grønne;1400
35. 7. Vest;;Det Demokratiske Parti;5
35. 7. Vest;A;Socialdemokratiet;1128
35. 7. Vest;B;Radikale Venstre;318
35. 7. Vest;C;Det Konservative Folkeparti;454
35. 7. Vest;D;Nye Borgerlige;80
35. 7. Vest;E;Christiania-Listen;6
35. 7. Vest;F;SF - Socialistisk Folkeparti;396
35. 7. Vest;G;Veganerpartiet;16
35. 7. Vest;H;Grøn Omstilling;6
35. 7. Vest;I;Liberal Alliance;56
35. 7. Vest;J;Hampepartiet;10
35. 7. Vest;K;Kristendemokraterne;20
35. 7. Vest;L;Københavnerlisten;8
35. 7. Vest;M;Danmark for Alle;23
35. 7. Vest;N;Kommunisterne;2
35. 7. Vest;O;Dansk Folkeparti;179
35. 7. Vest;P;Copenhagen;2
35. 7. Vest;Q;Feministisk Initiativ;5
35. 7. Vest;R;Kommunistisk Parti;10
35. 7. Vest;T;Frihedslisten;11
35. 7. Vest;U;Klimapartiet Momentum;17
35. 7. Vest;V;Venstre, Danmarks Liberale Parti;169
35. 7. Vest;Y;Kærlighedspartiet (Regnbuefolket /;7
35. 7. Vest;Z;Rolig Revolution;5
35. 7. Vest;Å;Alternativet;44
35. 7. Vest;Æ;Bæredygtigt samfund;4
35. 7. Vest;Ø;Enhedslisten - De Rød-Grønne;786
36. 7. Nordvest;;Det Demokratiske Parti;4
36. 7. Nordvest;A;Socialdemokratiet;1669
36. 7. Nordvest;B;Radikale Venstre;437
36. 7. Nordvest;C;Det Konservative Folkeparti;838
36. 7. Nordvest;D;Nye Borgerlige;161
36. 7. Nordvest;E;Christiania-Listen;5
36. 7. Nordvest;F;SF - Socialistisk Folkeparti;614
36. 7. Nordvest;G;Veganerpartiet;23
36. 7. Nordvest;H;Grøn Omstilling;2
36. 7. Nordvest;I;Liberal Alliance;69
36. 7. Nordvest;J;Hampepartiet;16
36. 7. Nordvest;K;Kristendemokraterne;29
36. 7. Nordvest;L;Københavnerlisten;14
36. 7. Nordvest;M;Danmark for Alle;29
36. 7. Nordvest;N;Kommunisterne;4
36. 7. Nordvest;O;Dansk Folkeparti;201
36. 7. Nordvest;P;Copenhagen;1
36. 7. Nordvest;Q;Feministisk Initiativ;6
36. 7. Nordvest;R;Kommunistisk Parti;26
36. 7. Nordvest;T;Frihedslisten;15
36. 7. Nordvest;U;Klimapartiet Momentum;33
36. 7. Nordvest;V;Venstre, Danmarks Liberale Parti;267
36. 7. Nordvest;Y;Kærlighedspartiet (Regnbuefolket /;2
36. 7. Nordvest;Z;Rolig Revolution;0
36. 7. Nordvest;Å;Alternativet;81
36. 7. Nordvest;Æ;Bæredygtigt samfund;6
36. 7. Nordvest;Ø;Enhedslisten - De Rød-Grønne;952
39. 7. Katrinedal;;Det Demokratiske Parti;0
39. 7. Katrinedal;A;Socialdemokratiet;698
39. 7. Katrinedal;B;Radikale Venstre;378
39. 7. Katrinedal;C;Det Konservative Folkeparti;475
39. 7. Katrinedal;D;Nye Borgerlige;94
39. 7. Katrinedal;E;Christiania-Listen;3
39. 7. Katrinedal;F;SF - Socialistisk Folkeparti;371
39. 7. Katrinedal;G;Veganerpartiet;14
39. 7. Katrinedal;H;Grøn Omstilling;1
39. 7. Katrinedal;I;Liberal Alliance;99
39. 7. Katrinedal;J;Hampepartiet;5
39. 7. Katrinedal;K;Kristendemokraterne;9
39. 7. Katrinedal;L;Københavnerlisten;4
39. 7. Katrinedal;M;Danmark for Alle;7
39. 7. Katrinedal;N;Kommunisterne;4
39. 7. Katrinedal;O;Dansk Folkeparti;66
39. 7. Katrinedal;P;Copenhagen;0
39. 7. Katrinedal;Q;Feministisk Initiativ;3
39. 7. Katrinedal;R;Kommunistisk Parti;11
39. 7. Katrinedal;T;Frihedslisten;7
39. 7. Katrinedal;U;Klimapartiet Momentum;24
39. 7. Katrinedal;V;Venstre, Danmarks Liberale Parti;286
39. 7. Katrinedal;Y;Kærlighedspartiet (Regnbuefolket /;3
39. 7. Katrinedal;Z;Rolig Revolution;4
39. 7. Katrinedal;Å;Alternativet;88
39. 7. Katrinedal;Æ;Bæredygtigt samfund;5
39. 7. Katrinedal;Ø;Enhedslisten - De Rød-Grønne;642
40. 7. Kirkebjerg;;Det Demokratiske Parti;0
40. 7. Kirkebjerg;A;Socialdemokratiet;870
40. 7. Kirkebjerg;B;Radikale Venstre;426
40. 7. Kirkebjerg;C;Det Konservative Folkeparti;563
40. 7. Kirkebjerg;D;Nye Borgerlige;107
40. 7. Kirkebjerg;E;Christiania-Listen;4
40. 7. Kirkebjerg;F;SF - Socialistisk Folkeparti;463
40. 7. Kirkebjerg;G;Veganerpartiet;17
40. 7. Kirkebjerg;H;Grøn Omstilling;1
40. 7. Kirkebjerg;I;Liberal Alliance;89
40. 7. Kirkebjerg;J;Hampepartiet;9
40. 7. Kirkebjerg;K;Kristendemokraterne;19
40. 7. Kirkebjerg;L;Københavnerlisten;13
40. 7. Kirkebjerg;M;Danmark for Alle;11
40. 7. Kirkebjerg;N;Kommunisterne;5
40. 7. Kirkebjerg;O;Dansk Folkeparti;91
40. 7. Kirkebjerg;P;Copenhagen;0
40. 7. Kirkebjerg;Q;Feministisk Initiativ;1
40. 7. Kirkebjerg;R;Kommunistisk Parti;10
40. 7. Kirkebjerg;T;Frihedslisten;6
40. 7. Kirkebjerg;U;Klimapartiet Momentum;38
40. 7. Kirkebjerg;V;Venstre, Danmarks Liberale Parti;284
40. 7. Kirkebjerg;Y;Kærlighedspartiet (Regnbuefolket /;5
40. 7. Kirkebjerg;Z;Rolig Revolution;0
40. 7. Kirkebjerg;Å;Alternativet;78
40. 7. Kirkebjerg;Æ;Bæredygtigt samfund;1
40. 7. Kirkebjerg;Ø;Enhedslisten - De Rød-Grønne;752
41. 7. Vanløse;;Det Demokratiske Parti;3
41. 7. Vanløse;A;Socialdemokratiet;1545
41. 7. Vanløse;B;Radikale Venstre;736
41. 7. Vanløse;C;Det Konservative Folkeparti;1033
41. 7. Vanløse;D;Nye Borgerlige;180
41. 7. Vanløse;E;Christiania-Listen;4
41. 7. Vanløse;F;SF - Socialistisk Folkeparti;772
41. 7. Vanløse;G;Veganerpartiet;38
41. 7. Vanløse;H;Grøn Omstilling;3
41. 7. Vanløse;I;Liberal Alliance;212
41. 7. Vanløse;J;Hampepartiet;12
41. 7. Vanløse;K;Kristendemokraterne;46
41. 7. Vanløse;L;Københavnerlisten;18
41. 7. Vanløse;M;Danmark for Alle;24
41. 7. Vanløse;N;Kommunisterne;6
41. 7. Vanløse;O;Dansk Folkeparti;204
41. 7. Vanløse;P;Copenhagen;2
41. 7. Vanløse;Q;Feministisk Initiativ;8
41. 7. Vanløse;R;Kommunistisk Parti;22
41. 7. Vanløse;T;Frihedslisten;35
41. 7. Vanløse;U;Klimapartiet Momentum;52
41. 7. Vanløse;V;Venstre, Danmarks Liberale Parti;572
41. 7. Vanløse;Y;Kærlighedspartiet (Regnbuefolket /;6
41. 7. Vanløse;Z;Rolig Revolution;8
41. 7. Vanløse;Å;Alternativet;105
41. 7. Vanløse;Æ;Bæredygtigt samfund;9
41. 7. Vanløse;Ø;Enhedslisten - De Rød-Grønne;1315
42. 8. Valby;;Det Demokratiske Parti;4
42. 8. Valby;A;Socialdemokratiet;1150
42. 8. Valby;B;Radikale Venstre;632
42. 8. Valby;C;Det Konservative Folkeparti;799
42. 8. Valby;D;Nye Borgerlige;177
42. 8. Valby;E;Christiania-Listen;0
42. 8. Valby;F;SF - Socialistisk Folkeparti;744
42. 8. Valby;G;Veganerpartiet;25
42. 8. Valby;H;Grøn Omstilling;7
42. 8. Valby;I;Liberal Alliance;155
42. 8. Valby;J;Hampepartiet;10
42. 8. Valby;K;Kristendemokraterne;16
42. 8. Valby;L;Københavnerlisten;12
42. 8. Valby;M;Danmark for Alle;17
42. 8. Valby;N;Kommunisterne;4
42. 8. Valby;O;Dansk Folkeparti;113
42. 8. Valby;P;Copenhagen;1
42. 8. Valby;Q;Feministisk Initiativ;9
42. 8. Valby;R;Kommunistisk Parti;20
42. 8. Valby;T;Frihedslisten;27
42. 8. Valby;U;Klimapartiet Momentum;46
42. 8. Valby;V;Venstre, Danmarks Liberale Parti;503
42. 8. Valby;Y;Kærlighedspartiet (Regnbuefolket /;7
42. 8. Valby;Z;Rolig Revolution;3
42. 8. Valby;Å;Alternativet;147
42. 8. Valby;Æ;Bæredygtigt samfund;8
42. 8. Valby;Ø;Enhedslisten - De Rød-Grønne;1060
43. 8. Nord;;Det Demokratiske Parti;0
43. 8. Nord;A;Socialdemokratiet;1226
43. 8. Nord;B;Radikale Venstre;743
43. 8. Nord;C;Det Konservative Folkeparti;845
43. 8. Nord;D;Nye Borgerlige;122
43. 8. Nord;E;Christiania-Listen;3
43. 8. Nord;F;SF - Socialistisk Folkeparti;736
43. 8. Nord;G;Veganerpartiet;37
43. 8. Nord;H;Grøn Omstilling;0
43. 8. Nord;I;Liberal Alliance;162
43. 8. Nord;J;Hampepartiet;15
43. 8. Nord;K;Kristendemokraterne;29
43. 8. Nord;L;Københavnerlisten;20
43. 8. Nord;M;Danmark for Alle;7
43. 8. Nord;N;Kommunisterne;2
43. 8. Nord;O;Dansk Folkeparti;126
43. 8. Nord;P;Copenhagen;0
43. 8. Nord;Q;Feministisk Initiativ;2
43. 8. Nord;R;Kommunistisk Parti;21
43. 8. Nord;T;Frihedslisten;21
43. 8. Nord;U;Klimapartiet Momentum;52
43. 8. Nord;V;Venstre, Danmarks Liberale Parti;537
43. 8. Nord;Y;Kærlighedspartiet (Regnbuefolket /;17
43. 8. Nord;Z;Rolig Revolution;4
43. 8. Nord;Å;Alternativet;164
43. 8. Nord;Æ;Bæredygtigt samfund;6
43. 8. Nord;Ø;Enhedslisten - De Rød-Grønne;1243
44. 8. Syd;;Det Demokratiske Parti;1
44. 8. Syd;A;Socialdemokratiet;1182
44. 8. Syd;B;Radikale Venstre;639
44. 8. Syd;C;Det Konservative Folkeparti;724
44. 8. Syd;D;Nye Borgerlige;136
44. 8. Syd;E;Christiania-Listen;3
44. 8. Syd;F;SF - Socialistisk Folkeparti;574
44. 8. Syd;G;Veganerpartiet;27
44. 8. Syd;H;Grøn Omstilling;2
44. 8. Syd;I;Liberal Alliance;170
44. 8. Syd;J;Hampepartiet;6
44. 8. Syd;K;Kristendemokraterne;17
44. 8. Syd;L;Københavnerlisten;11
44. 8. Syd;M;Danmark for Alle;36
44. 8. Syd;N;Kommunisterne;5
44. 8. Syd;O;Dansk Folkeparti;130
44. 8. Syd;P;Copenhagen;1
44. 8. Syd;Q;Feministisk Initiativ;6
44. 8. Syd;R;Kommunistisk Parti;21
44. 8. Syd;T;Frihedslisten;24
44. 8. Syd;U;Klimapartiet Momentum;28
44. 8. Syd;V;Venstre, Danmarks Liberale Parti;522
44. 8. Syd;Y;Kærlighedspartiet (Regnbuefolket /;13
44. 8. Syd;Z;Rolig Revolution;6
44. 8. Syd;Å;Alternativet;122
44. 8. Syd;Æ;Bæredygtigt samfund;6
44. 8. Syd;Ø;Enhedslisten - De Rød-Grønne;899
46. 8. Vest;;Det Demokratiske Parti;0
46. 8. Vest;A;Socialdemokratiet;701
46. 8. Vest;B;Radikale Venstre;276
46. 8. Vest;C;Det Konservative Folkeparti;351
46. 8. Vest;D;Nye Borgerlige;91
46. 8. Vest;E;Christiania-Listen;1
46. 8. Vest;F;SF - Socialistisk Folkeparti;336
46. 8. Vest;G;Veganerpartiet;22
46. 8. Vest;H;Grøn Omstilling;1
46. 8. Vest;I;Liberal Alliance;63
46. 8. Vest;J;Hampepartiet;2
46. 8. Vest;K;Kristendemokraterne;23
46. 8. Vest;L;Københavnerlisten;14
46. 8. Vest;M;Danmark for Alle;18
46. 8. Vest;N;Kommunisterne;1
46. 8. Vest;O;Dansk Folkeparti;124
46. 8. Vest;P;Copenhagen;0
46. 8. Vest;Q;Feministisk Initiativ;3
46. 8. Vest;R;Kommunistisk Parti;12
46. 8. Vest;T;Frihedslisten;16
46. 8. Vest;U;Klimapartiet Momentum;21
46. 8. Vest;V;Venstre, Danmarks Liberale Parti;221
46. 8. Vest;Y;Kærlighedspartiet (Regnbuefolket /;4
46. 8. Vest;Z;Rolig Revolution;8
46. 8. Vest;Å;Alternativet;64
46. 8. Vest;Æ;Bæredygtigt samfund;4
46. 8. Vest;Ø;Enhedslisten - De Rød-Grønne;495
47. 8. Sydøst;;Det Demokratiske Parti;0
47. 8. Sydøst;A;Socialdemokratiet;685
47. 8. Sydøst;B;Radikale Venstre;352
47. 8. Sydøst;C;Det Konservative Folkeparti;310
47. 8. Sydøst;D;Nye Borgerlige;95
47. 8. Sydøst;E;Christiania-Listen;5
47. 8. Sydøst;F;SF - Socialistisk Folkeparti;352
47. 8. Sydøst;G;Veganerpartiet;16
47. 8. Sydøst;H;Grøn Omstilling;5
47. 8. Sydøst;I;Liberal Alliance;84
47. 8. Sydøst;J;Hampepartiet;7
47. 8. Sydøst;K;Kristendemokraterne;11
47. 8. Sydøst;L;Københavnerlisten;8
47. 8. Sydøst;M;Danmark for Alle;21
47. 8. Sydøst;N;Kommunisterne;7
47. 8. Sydøst;O;Dansk Folkeparti;70
47. 8. Sydøst;P;Copenhagen;2
47. 8. Sydøst;Q;Feministisk Initiativ;1
47. 8. Sydøst;R;Kommunistisk Parti;11
47. 8. Sydøst;T;Frihedslisten;11
47. 8. Sydøst;U;Klimapartiet Momentum;47
47. 8. Sydøst;V;Venstre, Danmarks Liberale Parti;230
47. 8. Sydøst;Y;Kærlighedspartiet (Regnbuefolket /;6
47. 8. Sydøst;Z;Rolig Revolution;1
47. 8. Sydøst;Å;Alternativet;78
47. 8. Sydøst;Æ;Bæredygtigt samfund;7
47. 8. Sydøst;Ø;Enhedslisten - De Rød-Grønne;718
48. 8. Midt;;Det Demokratiske Parti;2
48. 8. Midt;A;Socialdemokratiet;980
48. 8. Midt;B;Radikale Venstre;650
48. 8. Midt;C;Det Konservative Folkeparti;779
48. 8. Midt;D;Nye Borgerlige;130
48. 8. Midt;E;Christiania-Listen;5
48. 8. Midt;F;SF - Socialistisk Folkeparti;591
48. 8. Midt;G;Veganerpartiet;25
48. 8. Midt;H;Grøn Omstilling;4
48. 8. Midt;I;Liberal Alliance;183
48. 8. Midt;J;Hampepartiet;8
48. 8. Midt;K;Kristendemokraterne;28
48. 8. Midt;L;Københavnerlisten;24
48. 8. Midt;M;Danmark for Alle;25
48. 8. Midt;N;Kommunisterne;4
48. 8. Midt;O;Dansk Folkeparti;112
48. 8. Midt;P;Copenhagen;0
48. 8. Midt;Q;Feministisk Initiativ;6
48. 8. Midt;R;Kommunistisk Parti;20
48. 8. Midt;T;Frihedslisten;28
48. 8. Midt;U;Klimapartiet Momentum;51
48. 8. Midt;V;Venstre, Danmarks Liberale Parti;475
48. 8. Midt;Y;Kærlighedspartiet (Regnbuefolket /;5
48. 8. Midt;Z;Rolig Revolution;7
48. 8. Midt;Å;Alternativet;121
48. 8. Midt;Æ;Bæredygtigt samfund;3
48. 8. Midt;Ø;Enhedslisten - De Rød-Grønne;1025
49. 9. Vesterbro;;Det Demokratiske Parti;3
49. 9. Vesterbro;A;Socialdemokratiet;826
49. 9. Vesterbro;B;Radikale Venstre;656
49. 9. Vesterbro;C;Det Konservative Folkeparti;530
49. 9. Vesterbro;D;Nye Borgerlige;58
49. 9. Vesterbro;E;Christiania-Listen;4
49. 9. Vesterbro;F;SF - Socialistisk Folkeparti;767
49. 9. Vesterbro;G;Veganerpartiet;32
49. 9. Vesterbro;H;Grøn Omstilling;7
49. 9. Vesterbro;I;Liberal Alliance;99
49. 9. Vesterbro;J;Hampepartiet;11
49. 9. Vesterbro;K;Kristendemokraterne;8
49. 9. Vesterbro;L;Københavnerlisten;27
49. 9. Vesterbro;M;Danmark for Alle;12
49. 9. Vesterbro;N;Kommunisterne;7
49. 9. Vesterbro;O;Dansk Folkeparti;66
49. 9. Vesterbro;P;Copenhagen;1
49. 9. Vesterbro;Q;Feministisk Initiativ;7
49. 9. Vesterbro;R;Kommunistisk Parti;19
49. 9. Vesterbro;T;Frihedslisten;12
49. 9. Vesterbro;U;Klimapartiet Momentum;79
49. 9. Vesterbro;V;Venstre, Danmarks Liberale Parti;288
49. 9. Vesterbro;Y;Kærlighedspartiet (Regnbuefolket /;10
49. 9. Vesterbro;Z;Rolig Revolution;5
49. 9. Vesterbro;Å;Alternativet;251
49. 9. Vesterbro;Æ;Bæredygtigt samfund;6
49. 9. Vesterbro;Ø;Enhedslisten - De Rød-Grønne;1873
5. 1. Vest;;Det Demokratiske Parti;0
5. 1. Vest;A;Socialdemokratiet;1392
5. 1. Vest;B;Radikale Venstre;888
5. 1. Vest;C;Det Konservative Folkeparti;1136
5. 1. Vest;D;Nye Borgerlige;174
5. 1. Vest;E;Christiania-Listen;6
5. 1. Vest;F;SF - Socialistisk Folkeparti;813
5. 1. Vest;G;Veganerpartiet;50
5. 1. Vest;H;Grøn Omstilling;8
5. 1. Vest;I;Liberal Alliance;192
5. 1. Vest;J;Hampepartiet;19
5. 1. Vest;K;Kristendemokraterne;50
5. 1. Vest;L;Københavnerlisten;30
5. 1. Vest;M;Danmark for Alle;41
5. 1. Vest;N;Kommunisterne;6
5. 1. Vest;O;Dansk Folkeparti;148
5. 1. Vest;P;Copenhagen;0
5. 1. Vest;Q;Feministisk Initiativ;7
5. 1. Vest;R;Kommunistisk Parti;28
5. 1. Vest;T;Frihedslisten;24
5. 1. Vest;U;Klimapartiet Momentum;85
5. 1. Vest;V;Venstre, Danmarks Liberale Parti;588
5. 1. Vest;Y;Kærlighedspartiet (Regnbuefolket /;15
5. 1. Vest;Z;Rolig Revolution;16
5. 1. Vest;Å;Alternativet;185
5. 1. Vest;Æ;Bæredygtigt samfund;8
5. 1. Vest;Ø;Enhedslisten - De Rød-Grønne;1599
50. 9. Nord;;Det Demokratiske Parti;0
50. 9. Nord;A;Socialdemokratiet;790
50. 9. Nord;B;Radikale Venstre;869
50. 9. Nord;C;Det Konservative Folkeparti;653
50. 9. Nord;D;Nye Borgerlige;79
50. 9. Nord;E;Christiania-Listen;8
50. 9. Nord;F;SF - Socialistisk Folkeparti;742
50. 9. Nord;G;Veganerpartiet;23
50. 9. Nord;H;Grøn Omstilling;2
50. 9. Nord;I;Liberal Alliance;145
50. 9. Nord;J;Hampepartiet;16
50. 9. Nord;K;Kristendemokraterne;9
50. 9. Nord;L;Københavnerlisten;27
50. 9. Nord;M;Danmark for Alle;19
50. 9. Nord;N;Kommunisterne;10
50. 9. Nord;O;Dansk Folkeparti;51
50. 9. Nord;P;Copenhagen;4
50. 9. Nord;Q;Feministisk Initiativ;9
50. 9. Nord;R;Kommunistisk Parti;17
50. 9. Nord;T;Frihedslisten;20
50. 9. Nord;U;Klimapartiet Momentum;90
50. 9. Nord;V;Venstre, Danmarks Liberale Parti;374
50. 9. Nord;Y;Kærlighedspartiet (Regnbuefolket /;11
50. 9. Nord;Z;Rolig Revolution;4
50. 9. Nord;Å;Alternativet;245
50. 9. Nord;Æ;Bæredygtigt samfund;6
50. 9. Nord;Ø;Enhedslisten - De Rød-Grønne;1836
51. 9. Syd;;Det Demokratiske Parti;1
51. 9. Syd;A;Socialdemokratiet;1104
51. 9. Syd;B;Radikale Venstre;360
51. 9. Syd;C;Det Konservative Folkeparti;299
51. 9. Syd;D;Nye Borgerlige;177
51. 9. Syd;E;Christiania-Listen;7
51. 9. Syd;F;SF - Socialistisk Folkeparti;476
51. 9. Syd;G;Veganerpartiet;33
51. 9. Syd;H;Grøn Omstilling;5
51. 9. Syd;I;Liberal Alliance;89
51. 9. Syd;J;Hampepartiet;18
51. 9. Syd;K;Kristendemokraterne;22
51. 9. Syd;L;Københavnerlisten;31
51. 9. Syd;M;Danmark for Alle;36
51. 9. Syd;N;Kommunisterne;12
51. 9. Syd;O;Dansk Folkeparti;193
51. 9. Syd;P;Copenhagen;5
51. 9. Syd;Q;Feministisk Initiativ;10
51. 9. Syd;R;Kommunistisk Parti;114
51. 9. Syd;T;Frihedslisten;24
51. 9. Syd;U;Klimapartiet Momentum;48
51. 9. Syd;V;Venstre, Danmarks Liberale Parti;229
51. 9. Syd;Y;Kærlighedspartiet (Regnbuefolket /;18
51. 9. Syd;Z;Rolig Revolution;8
51. 9. Syd;Å;Alternativet;151
51. 9. Syd;Æ;Bæredygtigt samfund;11
51. 9. Syd;Ø;Enhedslisten - De Rød-Grønne;1803
52. 9. Øst;;Det Demokratiske Parti;0
52. 9. Øst;A;Socialdemokratiet;654
52. 9. Øst;B;Radikale Venstre;661
52. 9. Øst;C;Det Konservative Folkeparti;570
52. 9. Øst;D;Nye Borgerlige;61
52. 9. Øst;E;Christiania-Listen;8
52. 9. Øst;F;SF - Socialistisk Folkeparti;604
52. 9. Øst;G;Veganerpartiet;40
52. 9. Øst;H;Grøn Omstilling;4
52. 9. Øst;I;Liberal Alliance;131
52. 9. Øst;J;Hampepartiet;7
52. 9. Øst;K;Kristendemokraterne;20
52. 9. Øst;L;Københavnerlisten;29
52. 9. Øst;M;Danmark for Alle;10
52. 9. Øst;N;Kommunisterne;2
52. 9. Øst;O;Dansk Folkeparti;46
52. 9. Øst;P;Copenhagen;0
52. 9. Øst;Q;Feministisk Initiativ;9
52. 9. Øst;R;Kommunistisk Parti;16
52. 9. Øst;T;Frihedslisten;14
52. 9. Øst;U;Klimapartiet Momentum;62
52. 9. Øst;V;Venstre, Danmarks Liberale Parti;380
52. 9. Øst;Y;Kærlighedspartiet (Regnbuefolket /;8
52. 9. Øst;Z;Rolig Revolution;8
52. 9. Øst;Å;Alternativet;229
52. 9. Øst;Æ;Bæredygtigt samfund;7
52. 9. Øst;Ø;Enhedslisten - De Rød-Grønne;1465
53. 9. Vest;;Det Demokratiske Parti;1
53. 9. Vest;A;Socialdemokratiet;787
53. 9. Vest;B;Radikale Venstre;777
53. 9. Vest;C;Det Konservative Folkeparti;654
53. 9. Vest;D;Nye Borgerlige;68
53. 9. Vest;E;Christiania-Listen;2
53. 9. Vest;F;SF - Socialistisk Folkeparti;632
53. 9. Vest;G;Veganerpartiet;23
53. 9. Vest;H;Grøn Omstilling;4
53. 9. Vest;I;Liberal Alliance;153
53. 9. Vest;J;Hampepartiet;12
53. 9. Vest;K;Kristendemokraterne;15
53. 9. Vest;L;Københavnerlisten;33
53. 9. Vest;M;Danmark for Alle;17
53. 9. Vest;N;Kommunisterne;5
53. 9. Vest;O;Dansk Folkeparti;58
53. 9. Vest;P;Copenhagen;0
53. 9. Vest;Q;Feministisk Initiativ;7
53. 9. Vest;R;Kommunistisk Parti;21
53. 9. Vest;T;Frihedslisten;13
53. 9. Vest;U;Klimapartiet Momentum;75
53. 9. Vest;V;Venstre, Danmarks Liberale Parti;388
53. 9. Vest;Y;Kærlighedspartiet (Regnbuefolket /;9
53. 9. Vest;Z;Rolig Revolution;11
53. 9. Vest;Å;Alternativet;181
53. 9. Vest;Æ;Bæredygtigt samfund;4
53. 9. Vest;Ø;Enhedslisten - De Rød-Grønne;1472
54. 9. Midt;;Det Demokratiske Parti;0
54. 9. Midt;A;Socialdemokratiet;318
54. 9. Midt;B;Radikale Venstre;237
54. 9. Midt;C;Det Konservative Folkeparti;151
54. 9. Midt;D;Nye Borgerlige;49
54. 9. Midt;E;Christiania-Listen;1
54. 9. Midt;F;SF - Socialistisk Folkeparti;263
54. 9. Midt;G;Veganerpartiet;16
54. 9. Midt;H;Grøn Omstilling;2
54. 9. Midt;I;Liberal Alliance;56
54. 9. Midt;J;Hampepartiet;8
54. 9. Midt;K;Kristendemokraterne;9
54. 9. Midt;L;Københavnerlisten;1
54. 9. Midt;M;Danmark for Alle;15
54. 9. Midt;N;Kommunisterne;3
54. 9. Midt;O;Dansk Folkeparti;37
54. 9. Midt;P;Copenhagen;0
54. 9. Midt;Q;Feministisk Initiativ;5
54. 9. Midt;R;Kommunistisk Parti;18
54. 9. Midt;T;Frihedslisten;13
54. 9. Midt;U;Klimapartiet Momentum;26
54. 9. Midt;V;Venstre, Danmarks Liberale Parti;144
54. 9. Midt;Y;Kærlighedspartiet (Regnbuefolket /;6
54. 9. Midt;Z;Rolig Revolution;6
54. 9. Midt;Å;Alternativet;78
54. 9. Midt;Æ;Bæredygtigt samfund;7
54. 9. Midt;Ø;Enhedslisten - De Rød-Grønne;687
55. 9. Sydhavn;;Det Demokratiske Parti;4
55. 9. Sydhavn;A;Socialdemokratiet;1145
55. 9. Sydhavn;B;Radikale Venstre;1299
55. 9. Sydhavn;C;Det Konservative Folkeparti;1581
55. 9. Sydhavn;D;Nye Borgerlige;179
55. 9. Sydhavn;E;Christiania-Listen;3
55. 9. Sydhavn;F;SF - Socialistisk Folkeparti;665
55. 9. Sydhavn;G;Veganerpartiet;60
55. 9. Sydhavn;H;Grøn Omstilling;3
55. 9. Sydhavn;I;Liberal Alliance;486
55. 9. Sydhavn;J;Hampepartiet;11
55. 9. Sydhavn;K;Kristendemokraterne;19
55. 9. Sydhavn;L;Københavnerlisten;41
55. 9. Sydhavn;M;Danmark for Alle;23
55. 9. Sydhavn;N;Kommunisterne;5
55. 9. Sydhavn;O;Dansk Folkeparti;76
55. 9. Sydhavn;P;Copenhagen;2
55. 9. Sydhavn;Q;Feministisk Initiativ;4
55. 9. Sydhavn;R;Kommunistisk Parti;11
55. 9. Sydhavn;T;Frihedslisten;15
55. 9. Sydhavn;U;Klimapartiet Momentum;75
55. 9. Sydhavn;V;Venstre, Danmarks Liberale Parti;1158
55. 9. Sydhavn;Y;Kærlighedspartiet (Regnbuefolket /;8
55. 9. Sydhavn;Z;Rolig Revolution;7
55. 9. Sydhavn;Å;Alternativet;236
55. 9. Sydhavn;Æ;Bæredygtigt samfund;7
55. 9. Sydhavn;Ø;Enhedslisten - De Rød-Grønne;1228
56. 1. Øst;;Det Demokratiske Parti;2
56. 1. Øst;A;Socialdemokratiet;762
56. 1. Øst;B;Radikale Venstre;766
56. 1. Øst;C;Det Konservative Folkeparti;1360
56. 1. Øst;D;Nye Borgerlige;132
56. 1. Øst;E;Christiania-Listen;2
56. 1. Øst;F;SF - Socialistisk Folkeparti;484
56. 1. Øst;G;Veganerpartiet;24
56. 1. Øst;H;Grøn Omstilling;3
56. 1. Øst;I;Liberal Alliance;336
56. 1. Øst;J;Hampepartiet;6
56. 1. Øst;K;Kristendemokraterne;18
56. 1. Øst;L;Københavnerlisten;39
56. 1. Øst;M;Danmark for Alle;7
56. 1. Øst;N;Kommunisterne;3
56. 1. Øst;O;Dansk Folkeparti;62
56. 1. Øst;P;Copenhagen;0
56. 1. Øst;Q;Feministisk Initiativ;8
56. 1. Øst;R;Kommunistisk Parti;6
56. 1. Øst;T;Frihedslisten;22
56. 1. Øst;U;Klimapartiet Momentum;51
56. 1. Øst;V;Venstre, Danmarks Liberale Parti;813
56. 1. Øst;Y;Kærlighedspartiet (Regnbuefolket /;6
56. 1. Øst;Z;Rolig Revolution;5
56. 1. Øst;Å;Alternativet;134
56. 1. Øst;Æ;Bæredygtigt samfund;4
56. 1. Øst;Ø;Enhedslisten - De Rød-Grønne;822
57. 2. Øst;;Det Demokratiske Parti;2
57. 2. Øst;A;Socialdemokratiet;926
57. 2. Øst;B;Radikale Venstre;633
57. 2. Øst;C;Det Konservative Folkeparti;523
57. 2. Øst;D;Nye Borgerlige;138
57. 2. Øst;E;Christiania-Listen;7
57. 2. Øst;F;SF - Socialistisk Folkeparti;647
57. 2. Øst;G;Veganerpartiet;29
57. 2. Øst;H;Grøn Omstilling;7
57. 2. Øst;I;Liberal Alliance;148
57. 2. Øst;J;Hampepartiet;1
57. 2. Øst;K;Kristendemokraterne;27
57. 2. Øst;L;Københavnerlisten;37
57. 2. Øst;M;Danmark for Alle;28
57. 2. Øst;N;Kommunisterne;8
57. 2. Øst;O;Dansk Folkeparti;159
57. 2. Øst;P;Copenhagen;0
57. 2. Øst;Q;Feministisk Initiativ;6
57. 2. Øst;R;Kommunistisk Parti;11
57. 2. Øst;T;Frihedslisten;15
57. 2. Øst;U;Klimapartiet Momentum;40
57. 2. Øst;V;Venstre, Danmarks Liberale Parti;390
57. 2. Øst;Y;Kærlighedspartiet (Regnbuefolket /;10
57. 2. Øst;Z;Rolig Revolution;10
57. 2. Øst;Å;Alternativet;199
57. 2. Øst;Æ;Bæredygtigt samfund;3
57. 2. Øst;Ø;Enhedslisten - De Rød-Grønne;1559
58. 5. Nørrebrohallen;;Det Demokratiske Parti;0
58. 5. Nørrebrohallen;A;Socialdemokratiet;866
58. 5. Nørrebrohallen;B;Radikale Venstre;904
58. 5. Nørrebrohallen;C;Det Konservative Folkeparti;403
58. 5. Nørrebrohallen;D;Nye Borgerlige;69
58. 5. Nørrebrohallen;E;Christiania-Listen;8
58. 5. Nørrebrohallen;F;SF - Socialistisk Folkeparti;879
58. 5. Nørrebrohallen;G;Veganerpartiet;56
58. 5. Nørrebrohallen;H;Grøn Omstilling;3
58. 5. Nørrebrohallen;I;Liberal Alliance;132
58. 5. Nørrebrohallen;J;Hampepartiet;6
58. 5. Nørrebrohallen;K;Kristendemokraterne;23
58. 5. Nørrebrohallen;L;Københavnerlisten;9
58. 5. Nørrebrohallen;M;Danmark for Alle;90
58. 5. Nørrebrohallen;N;Kommunisterne;8
58. 5. Nørrebrohallen;O;Dansk Folkeparti;73
58. 5. Nørrebrohallen;P;Copenhagen;3
58. 5. Nørrebrohallen;Q;Feministisk Initiativ;16
58. 5. Nørrebrohallen;R;Kommunistisk Parti;41
58. 5. Nørrebrohallen;T;Frihedslisten;26
58. 5. Nørrebrohallen;U;Klimapartiet Momentum;83
58. 5. Nørrebrohallen;V;Venstre, Danmarks Liberale Parti;318
58. 5. Nørrebrohallen;Y;Kærlighedspartiet (Regnbuefolket /;11
58. 5. Nørrebrohallen;Z;Rolig Revolution;10
58. 5. Nørrebrohallen;Å;Alternativet;270
58. 5. Nørrebrohallen;Æ;Bæredygtigt samfund;10
58. 5. Nørrebrohallen;Ø;Enhedslisten - De Rød-Grønne;2473
59. 6. Vest;;Det Demokratiske Parti;0
59. 6. Vest;A;Socialdemokratiet;635
59. 6. Vest;B;Radikale Venstre;362
59. 6. Vest;C;Det Konservative Folkeparti;270
59. 6. Vest;D;Nye Borgerlige;83
59. 6. Vest;E;Christiania-Listen;7
59. 6. Vest;F;SF - Socialistisk Folkeparti;394
59. 6. Vest;G;Veganerpartiet;26
59. 6. Vest;H;Grøn Omstilling;6
59. 6. Vest;I;Liberal Alliance;33
59. 6. Vest;J;Hampepartiet;4
59. 6. Vest;K;Kristendemokraterne;20
59. 6. Vest;L;Københavnerlisten;11
59. 6. Vest;M;Danmark for Alle;45
59. 6. Vest;N;Kommunisterne;7
59. 6. Vest;O;Dansk Folkeparti;83
59. 6. Vest;P;Copenhagen;0
59. 6. Vest;Q;Feministisk Initiativ;4
59. 6. Vest;R;Kommunistisk Parti;21
59. 6. Vest;T;Frihedslisten;13
59. 6. Vest;U;Klimapartiet Momentum;25
59. 6. Vest;V;Venstre, Danmarks Liberale Parti;156
59. 6. Vest;Y;Kærlighedspartiet (Regnbuefolket /;6
59. 6. Vest;Z;Rolig Revolution;18
59. 6. Vest;Å;Alternativet;87
59. 6. Vest;Æ;Bæredygtigt samfund;3
59. 6. Vest;Ø;Enhedslisten - De Rød-Grønne;1033
6. 1. Nordvest;;Det Demokratiske Parti;2
6. 1. Nordvest;A;Socialdemokratiet;1278
6. 1. Nordvest;B;Radikale Venstre;903
6. 1. Nordvest;C;Det Konservative Folkeparti;1141
6. 1. Nordvest;D;Nye Borgerlige;163
6. 1. Nordvest;E;Christiania-Listen;5
6. 1. Nordvest;F;SF - Socialistisk Folkeparti;734
6. 1. Nordvest;G;Veganerpartiet;54
6. 1. Nordvest;H;Grøn Omstilling;5
6. 1. Nordvest;I;Liberal Alliance;222
6. 1. Nordvest;J;Hampepartiet;9
6. 1. Nordvest;K;Kristendemokraterne;23
6. 1. Nordvest;L;Københavnerlisten;25
6. 1. Nordvest;M;Danmark for Alle;30
6. 1. Nordvest;N;Kommunisterne;6
6. 1. Nordvest;O;Dansk Folkeparti;132
6. 1. Nordvest;P;Copenhagen;3
6. 1. Nordvest;Q;Feministisk Initiativ;5
6. 1. Nordvest;R;Kommunistisk Parti;15
6. 1. Nordvest;T;Frihedslisten;32
6. 1. Nordvest;U;Klimapartiet Momentum;71
6. 1. Nordvest;V;Venstre, Danmarks Liberale Parti;581
6. 1. Nordvest;Y;Kærlighedspartiet (Regnbuefolket /;8
6. 1. Nordvest;Z;Rolig Revolution;9
6. 1. Nordvest;Å;Alternativet;170
6. 1. Nordvest;Æ;Bæredygtigt samfund;10
6. 1. Nordvest;Ø;Enhedslisten - De Rød-Grønne;1282
7. 2. Sundbyvester;;Det Demokratiske Parti;3
7. 2. Sundbyvester;A;Socialdemokratiet;1323
7. 2. Sundbyvester;B;Radikale Venstre;547
7. 2. Sundbyvester;C;Det Konservative Folkeparti;567
7. 2. Sundbyvester;D;Nye Borgerlige;184
7. 2. Sundbyvester;E;Christiania-Listen;7
7. 2. Sundbyvester;F;SF - Socialistisk Folkeparti;609
7. 2. Sundbyvester;G;Veganerpartiet;31
7. 2. Sundbyvester;H;Grøn Omstilling;8
7. 2. Sundbyvester;I;Liberal Alliance;133
7. 2. Sundbyvester;J;Hampepartiet;9
7. 2. Sundbyvester;K;Kristendemokraterne;25
7. 2. Sundbyvester;L;Københavnerlisten;37
7. 2. Sundbyvester;M;Danmark for Alle;25
7. 2. Sundbyvester;N;Kommunisterne;11
7. 2. Sundbyvester;O;Dansk Folkeparti;242
7. 2. Sundbyvester;P;Copenhagen;2
7. 2. Sundbyvester;Q;Feministisk Initiativ;9
7. 2. Sundbyvester;R;Kommunistisk Parti;23
7. 2. Sundbyvester;T;Frihedslisten;34
7. 2. Sundbyvester;U;Klimapartiet Momentum;40
7. 2. Sundbyvester;V;Venstre, Danmarks Liberale Parti;401
7. 2. Sundbyvester;Y;Kærlighedspartiet (Regnbuefolket /;18
7. 2. Sundbyvester;Z;Rolig Revolution;6
7. 2. Sundbyvester;Å;Alternativet;160
7. 2. Sundbyvester;Æ;Bæredygtigt samfund;4
7. 2. Sundbyvester;Ø;Enhedslisten - De Rød-Grønne;1528
8. 2. Nord;;Det Demokratiske Parti;6
8. 2. Nord;A;Socialdemokratiet;1431
8. 2. Nord;B;Radikale Venstre;1074
8. 2. Nord;C;Det Konservative Folkeparti;947
8. 2. Nord;D;Nye Borgerlige;194
8. 2. Nord;E;Christiania-Listen;14
8. 2. Nord;F;SF - Socialistisk Folkeparti;927
8. 2. Nord;G;Veganerpartiet;39
8. 2. Nord;H;Grøn Omstilling;6
8. 2. Nord;I;Liberal Alliance;184
8. 2. Nord;J;Hampepartiet;14
8. 2. Nord;K;Kristendemokraterne;42
8. 2. Nord;L;Københavnerlisten;60
8. 2. Nord;M;Danmark for Alle;38
8. 2. Nord;N;Kommunisterne;15
8. 2. Nord;O;Dansk Folkeparti;195
8. 2. Nord;P;Copenhagen;4
8. 2. Nord;Q;Feministisk Initiativ;10
8. 2. Nord;R;Kommunistisk Parti;34
8. 2. Nord;T;Frihedslisten;38
8. 2. Nord;U;Klimapartiet Momentum;65
8. 2. Nord;V;Venstre, Danmarks Liberale Parti;588
8. 2. Nord;Y;Kærlighedspartiet (Regnbuefolket /;25
8. 2. Nord;Z;Rolig Revolution;13
8. 2. Nord;Å;Alternativet;277
8. 2. Nord;Æ;Bæredygtigt samfund;11
8. 2. Nord;Ø;Enhedslisten - De Rød-Grønne;2514
9. 2. Syd;;Det Demokratiske Parti;73
9. 2. Syd;A;Socialdemokratiet;1146
9. 2. Syd;B;Radikale Venstre;986
9. 2. Syd;C;Det Konservative Folkeparti;1069
9. 2. Syd;D;Nye Borgerlige;216
9. 2. Syd;E;Christiania-Listen;2
9. 2. Syd;F;SF - Socialistisk Folkeparti;761
9. 2. Syd;G;Veganerpartiet;68
9. 2. Syd;H;Grøn Omstilling;11
9. 2. Syd;I;Liberal Alliance;342
9. 2. Syd;J;Hampepartiet;9
9. 2. Syd;K;Kristendemokraterne;31
9. 2. Syd;L;Københavnerlisten;44
9. 2. Syd;M;Danmark for Alle;42
9. 2. Syd;N;Kommunisterne;4
9. 2. Syd;O;Dansk Folkeparti;113
9. 2. Syd;P;Copenhagen;3
9. 2. Syd;Q;Feministisk Initiativ;15
9. 2. Syd;R;Kommunistisk Parti;28
9. 2. Syd;T;Frihedslisten;31
9. 2. Syd;U;Klimapartiet Momentum;64
9. 2. Syd;V;Venstre, Danmarks Liberale Parti;1058
9. 2. Syd;Y;Kærlighedspartiet (Regnbuefolket /;10
9. 2. Syd;Z;Rolig Revolution;15
9. 2. Syd;Å;Alternativet;225
9. 2. Syd;Æ;Bæredygtigt samfund;3
9. 2. Syd;Ø;Enhedslisten - De Rød-Grønne;1372
